,회사명,채용공고 제목,채용공고 세부 사항,기술 세부 사항,링크
0,미리디,[커머스프로덕션] Jr. QA 엔지니어,"서울 구로구,경력 1-3년"," QA들로 구성된 챕터에 소속되고 특정 프로덕트를 담당하는 스쿼드에도 소속될 수 있어요., 스쿼드는 다양한 챕터(PM, 엔지니어, QA, 데이터, 프로덕트디자이너, 컨텐츠매니저 등)로 구성되며 담당 프로덕트에 오너십을 갖고 좀더 집중할 수 있어요., 테스트케이스 작성&수행과 매주 발생 하는 정기배포 이슈에 대해서 개선 사항을 도출 해요 , 매주 업데이트되는 수십 가지 피처들의 기능과 히스토리를 빠르게 파악해야하고 이를 위해 매우 다양한 사람들과 원활하게 소통할 수 있어야해요, 집중하는 프로덕트 외에도 다양한 운영 이슈들을 대응할 수 있어요, 업무 효율을 위해 자주 발생하는 테스트케이스는 playwright 를 통해 자동화할 수 있어요., 자동화 코드는 GitHub을 활용하여 풀 리퀘스트를 생성하고 관리 해요, 매주 발생 하는 프론트 정기배포버전에 대해서 관리하고 릴리즈 해요 QA들로 구성된 챕터에 소속되고 특정 프로덕트를 담당하는 스쿼드에도 소속될 수 있어요., 스쿼드는 다양한 챕터(PM, 엔지니어, QA, 데이터, 프로덕트디자이너, 컨텐츠매니저 등)로 구성되며 담당 프로덕트에 오너십을 갖고 좀더 집중할 수 있어요., 테스트케이스 작성&수행과 매주 발생 하는 정기배포 이슈에 대해서 개선 사항을 도출 해요 , 매주 업데이트되는 수십 가지 피처들의 기능과 히스토리를 빠르게 파악해야하고 이를 위해 매우 다양한 사람들과 원활하게 소통할 수 있어야해요, 집중하는 프로덕트 외에도 다양한 운영 이슈들을 대응할 수 있어요, 업무 효율을 위해 자주 발생하는 테스트케이스는 playwright 를 통해 자동화할 수 있어요., 자동화 코드는 GitHub을 활용하여 풀 리퀘스트를 생성하고 관리 해요, 매주 발생 하는 프론트 정기배포버전에 대해서 관리하고 릴리즈 해요",https://www.wanted.co.kr/wd/31620
1,매스어답션,백앤드 엔지니어 (Nest.js / 5년 이상),"서울 성동구,경력 5-10년","""백앤드 엔지니어는 이런 업무를 하시게 됩니다"",, 자사의 Wep Application 및 Mobile App에 필요한 API 및 BackOffice 설계 및 개발, 효율적이고 안정적인 서비스 운영을 위한 인프라 구조 및 성능 개선, 다양한 외부 서비스와의 API 개발 연동,,,""우리는 이런 분들과 함께하고 싶어요!"",, 사용자가 겪는 문제를 IT 기술을 통해 주도적으로 해결하려고 노력하는 사람, 새로운 기술에 대해 거부감이 없고, 끊임없이 도전하길 좋아하는 사람, 팀원들과 기술을 공유하고 함께 성장하는걸 중요하게 생각하는 사람, 되는걸 만드는 것 보다 잘 되는 걸 만들기 위해 노력하는 사람, 자신의 의견을 적극적으로 말할 수 있는사람,,,""우리팀은 이런 기술들을 활용합니다!"",, Backend: TypeScript (Nest.js, Express.js in Node.js), Frontend: React.js, Next.js, TypeScript, JavaScript, Zustand, Recoil, Redux, emotion.js, SCSS, Webpack, Native App: Flutter, ReactNative, Block Chain: Klyatn, Polygon, Luniverse, LINE Blockchain, Solidity, Database: MySQL, MongoDB, DynamoDB, Infra: AWS (EC2, RDS, Lambda, SQS, S3, Amplify, Code Depoly, etc.), Terraform, k8s, Cowork: Github(MonoRepo, GitFlow), Slack, Notion, Figma""백앤드 엔지니어는 이런 업무를 하시게 됩니다"",, 자사의 Wep Application 및 Mobile App에 필요한 API 및 BackOffice 설계 및 개발, 효율적이고 안정적인 서비스 운영을 위한 인프라 구조 및 성능 개선, 다양한 외부 서비스와의 API 개발 연동,,,""우리는 이런 분들과 함께하고 싶어요!"",, 사용자가 겪는 문제를 IT 기술을 통해 주도적으로 해결하려고 노력하는 사람, 새로운 기술에 대해 거부감이 없고, 끊임없이 도전하길 좋아하는 사람, 팀원들과 기술을 공유하고 함께 성장하는걸 중요하게 생각하는 사람, 되는걸 만드는 것 보다 잘 되는 걸 만들기 위해 노력하는 사람, 자신의 의견을 적극적으로 말할 수 있는사람,,,""우리팀은 이런 기술들을 활용합니다!"",, Backend: TypeScript (Nest.js, Express.js in Node.js), Frontend: React.js, Next.js, TypeScript, JavaScript, Zustand, Recoil, Redux, emotion.js, SCSS, Webpack, Native App: Flutter, ReactNative, Block Chain: Klyatn, Polygon, Luniverse, LINE Blockchain, Solidity, Database: MySQL, MongoDB, DynamoDB, Infra: AWS (EC2, RDS, Lambda, SQS, S3, Amplify, Code Depoly, etc.), Terraform, k8s, Cowork: Github(MonoRepo, GitFlow), Slack, Notion, Figma",https://www.wanted.co.kr/wd/214642
2,수성엔지니어링,DevOps 엔지니어,"서울 송파구,신입-경력 3년"," AWS 클라우드 등의 인프라 및 어플리케이션 관리를 위한 도구들을 만들고 개선합니다., 배포 CICD 파이프라인과 모니터링 시스템을 구축하고 운영하여, 개발자의 서비스 운영과 개발 경험을 개선합니다., 컨테이너, 서버리스를 기반의 서비스를 관리하고 운영하며 최적화합니다., 서비스 수준을 향상시키기 위해 안정성 가시화 및 측정 도구를 제공합니다., 데이터 엔지니어, 머신러닝 엔지니어와 협업하여 데이터 파이프라인 등을 구성합니다., 특정 PaaS에 컨테이너 기반으로 애플리케이션을 배포하고, 해당 애플리케이션의 성능 등을 연구하는 국가연구과제를 수행합니다. AWS 클라우드 등의 인프라 및 어플리케이션 관리를 위한 도구들을 만들고 개선합니다., 배포 CICD 파이프라인과 모니터링 시스템을 구축하고 운영하여, 개발자의 서비스 운영과 개발 경험을 개선합니다., 컨테이너, 서버리스를 기반의 서비스를 관리하고 운영하며 최적화합니다., 서비스 수준을 향상시키기 위해 안정성 가시화 및 측정 도구를 제공합니다., 데이터 엔지니어, 머신러닝 엔지니어와 협업하여 데이터 파이프라인 등을 구성합니다., 특정 PaaS에 컨테이너 기반으로 애플리케이션을 배포하고, 해당 애플리케이션의 성능 등을 연구하는 국가연구과제를 수행합니다.",https://www.wanted.co.kr/wd/196679
3,브레인즈컴퍼니,ITSM 구축 프로젝트 PM (5년 이상),"서울 성동구,경력 5-15년"," 자사가 보유한 ITSM 솔루션을 기반으로 고객사에 구축 및 커스터마이징을 진행하는 프로젝트를 관리합니다. , 프로젝트를 수주하기 위한 프리세일즈 활동으로 제품소개, 시연, 제안요청 응대 등을 지원합니다., 개발팀과 함께 하는 커스텀 프로젝트가 대부분이기 때문에 사업관리와 고객 요구사항 분석, 솔루션과 갭 분석 등의 업무도 진행합니다., 그 외에는 자체 프로젝트 방법론을 발굴하고 개선하고자 합니다. 자사가 보유한 ITSM 솔루션을 기반으로 고객사에 구축 및 커스터마이징을 진행하는 프로젝트를 관리합니다. , 프로젝트를 수주하기 위한 프리세일즈 활동으로 제품소개, 시연, 제안요청 응대 등을 지원합니다., 개발팀과 함께 하는 커스텀 프로젝트가 대부분이기 때문에 사업관리와 고객 요구사항 분석, 솔루션과 갭 분석 등의 업무도 진행합니다., 그 외에는 자체 프로젝트 방법론을 발굴하고 개선하고자 합니다.",https://www.wanted.co.kr/wd/215002
4,브이디크럭스,안드로이드 어플리케이션 개발자(5년이상),"서울 금천구,경력 5-7년"," 태블릿 오더 안드로이드 어플리케이션 개발, 모바일 포스 안드로이드 어플리케이션 개발, 기타 가맹점 매장관리용 어플리케이션 개발 태블릿 오더 안드로이드 어플리케이션 개발, 모바일 포스 안드로이드 어플리케이션 개발, 기타 가맹점 매장관리용 어플리케이션 개발",https://www.wanted.co.kr/wd/193556
5,크리스틴컴퍼니,프론트앤드 개발자 / 3년 이상(서울),"서울 강남구,경력 3-5년","자사의 주요 서비스인 신플 솔루션의 고도화, 단계적 신규 서비스 적용을 위한 시스템을 개발합니다.,,, React를 이용한 자사 플랫폼 반응형 웹 서비스 개발자사의 주요 서비스인 신플 솔루션의 고도화, 단계적 신규 서비스 적용을 위한 시스템을 개발합니다.,,, React를 이용한 자사 플랫폼 반응형 웹 서비스 개발",https://www.wanted.co.kr/wd/214989
6,아이쉴드,풀스택 개발자,"서울 강남구,경력 2-3년"," Fullstack 개발  고객용 웹, 내부 업무용 웹 , 크롤링을 통한 데이터를 수집, 기존 개발물의 지속적인 개선과 대안 모색 Fullstack 개발  고객용 웹, 내부 업무용 웹 , 크롤링을 통한 데이터를 수집, 기존 개발물의 지속적인 개선과 대안 모색",https://www.wanted.co.kr/wd/214919
7,오토패스,"파이썬(Phyton, AWS) 개발자 (3년 이상)","경기 파주시,경력 3-8년", 오토패스(수출입 통관 업무 자동화 솔루션) 서비스 백엔드 개발 / 유지보수 오토패스(수출입 통관 업무 자동화 솔루션) 서비스 백엔드 개발 / 유지보수,https://www.wanted.co.kr/wd/214645
8,하우빌드,Server Engineer(5년 이상),"서울 강남구,경력 5-12년"," 하우빌드 서비스 백엔드 개발, 다양한 직군과 협업하여 서비스 설계 및 구현 하우빌드 서비스 백엔드 개발, 다양한 직군과 협업하여 서비스 설계 및 구현",https://www.wanted.co.kr/wd/192061
9,이도(Yido),자바 개발자,"서울 중구,경력 5-10년"," 환경/인프라/레저/부동산 각 사업 영업/관리 시스템 구축/운영, 각 현장 사업관리 시스템 구축/운영, 골프/레저 홈페이지, 예약, 마케팅 시스템 구축/운영, 모바일 앱 구축/운영 外 환경/인프라/레저/부동산 각 사업 영업/관리 시스템 구축/운영, 각 현장 사업관리 시스템 구축/운영, 골프/레저 홈페이지, 예약, 마케팅 시스템 구축/운영, 모바일 앱 구축/운영 外",https://www.wanted.co.kr/wd/214913
10,덴컴,Front-end 개발자,"서울 강남구,경력 4-10년","음성인식 AI 서비스 프론트엔드 개발 및 유지보수,음성인식 UX를 고려한 사용자 친화적 인터페이스 구현,코드 리뷰 및 품질 향상을 위한 코드베이스 개선,,보안 및 성능 최적화를 고려한 서비스 프론트앤드 개발, ,, 기술  ,Typescript, Node.js, React.js, Next.js 기반 프론트엔드 개발,Jest, cypress 기반 테스트 개발,,, 협업 ,Figma 사용 경험이 있는 분,,원활한 커뮤니케이션이 가능한 분,코드 리뷰를 진행해본 경험이 있는 분,UI/UX에 높은 가치를 두고 일하시는 분음성인식 AI 서비스 프론트엔드 개발 및 유지보수,음성인식 UX를 고려한 사용자 친화적 인터페이스 구현,코드 리뷰 및 품질 향상을 위한 코드베이스 개선,,보안 및 성능 최적화를 고려한 서비스 프론트앤드 개발, ,, 기술  ,Typescript, Node.js, React.js, Next.js 기반 프론트엔드 개발,Jest, cypress 기반 테스트 개발,,, 협업 ,Figma 사용 경험이 있는 분,,원활한 커뮤니케이션이 가능한 분,코드 리뷰를 진행해본 경험이 있는 분,UI/UX에 높은 가치를 두고 일하시는 분",https://www.wanted.co.kr/wd/214274
11,컨포트랩,프로덕트 매니저(PM/PO) (5년 이상),"서울 강남구,경력 5-8년","포지션 상세,· 프로덕트 매니저는 고객 접점의 최전선인 산업 현장에 컨포트랩의 Porta Solution을 기반으로 한 다양한 제품 및 솔루션을 성공적으로 보급하고 확산하는 것을 목표로 합니다.,· Porta Solution의 모든 기능을 고객들에게 효과적으로 전달하고 고객 가치를 실현하기 위해, 산업 표준을 이해하고, 고객 요구사항을 분석하며, 자사 제품 및 기술에 대한 높은 수준의 전문성을 갖춘 기술 전문가 되고자 노력합니다.,· 현장에서 발생하는 이슈와 리스크를 관리하고, 효과적인 문제 해결을 위해 고객과 기술 조직 사이의 커뮤니케이션을 리딩합니다.,· 더 나아가, 산업 디지털 전환의 확산에 발맞춰 컨포트랩의 현장 데이터 수집 솔루션을 산업 전방위로 효과적으로 확산하기 위한 사업화 전략과 실행 방안을 고민합니다.,,업무 내용,· 프로젝트 리딩 및 관리,· 고객 요구 사항 분석 및 기능 도출,· 기능요구서, 정책서, 와이어프레임 등 기획 자료 작성 및 관리,· 제품 요구조건에 기반한 제품 로드맵 수립 및 관리,· 비즈니스에 대한 이해도를 바탕으로 내/외부 이해관계자와 커뮤니케이션 담당,· 개발자, 디자이너 및 마케팅 부서 등 타부서와의 협업에 따른 프로덕트 리딩,· 고객사 교육, 정부 과제 및 차기 프로젝트 수주 등 기술 영업 지원포지션 상세,· 프로덕트 매니저는 고객 접점의 최전선인 산업 현장에 컨포트랩의 Porta Solution을 기반으로 한 다양한 제품 및 솔루션을 성공적으로 보급하고 확산하는 것을 목표로 합니다.,· Porta Solution의 모든 기능을 고객들에게 효과적으로 전달하고 고객 가치를 실현하기 위해, 산업 표준을 이해하고, 고객 요구사항을 분석하며, 자사 제품 및 기술에 대한 높은 수준의 전문성을 갖춘 기술 전문가 되고자 노력합니다.,· 현장에서 발생하는 이슈와 리스크를 관리하고, 효과적인 문제 해결을 위해 고객과 기술 조직 사이의 커뮤니케이션을 리딩합니다.,· 더 나아가, 산업 디지털 전환의 확산에 발맞춰 컨포트랩의 현장 데이터 수집 솔루션을 산업 전방위로 효과적으로 확산하기 위한 사업화 전략과 실행 방안을 고민합니다.,,업무 내용,· 프로젝트 리딩 및 관리,· 고객 요구 사항 분석 및 기능 도출,· 기능요구서, 정책서, 와이어프레임 등 기획 자료 작성 및 관리,· 제품 요구조건에 기반한 제품 로드맵 수립 및 관리,· 비즈니스에 대한 이해도를 바탕으로 내/외부 이해관계자와 커뮤니케이션 담당,· 개발자, 디자이너 및 마케팅 부서 등 타부서와의 협업에 따른 프로덕트 리딩,· 고객사 교육, 정부 과제 및 차기 프로젝트 수주 등 기술 영업 지원",https://www.wanted.co.kr/wd/214623
12,매스어답션,프론트엔드 엔지니어 (React.js / 5년 이상),"서울 성동구,경력 5-7년","프론트엔드 엔지니어는 이런 업무를 하시게 됩니다!, 자사의 Web/Mobile Application 및 기업용 SaaS 플랫폼 설계 및 개발, 최고의 고객경험과 안정적인 서비스 제공을 위한 개선,,""우리는 이런 분들과 함께하고 싶어요!"",, 사용자가 겪는 문제를 IT 기술을 통해 주도적으로 해결하려고 노력하는 사람, 새로운 기술에 대해 거부감이 없고, 끊임없이 도전하길 좋아하는 사람, 팀원들과 기술을 공유하고 함께 성장하는걸 중요하게 생각하는 사람, 되는걸 만드는 것 보다 잘 되는 걸 만들기 위해 노력하는 사람, 자신의 의견을 적극적으로 말할 수 있는사람,,,""우리팀은 이런 기술들을 활용합니다!"", Frontend: React.js, Next.js, TypeScript, JavaScript, Zustand, Recoil, Redux, emotion.js, SCSS, Webpack, Backend: TypeScript (Nest.js, Express.js in Node.js), Native App: Flutter, ReactNative, Block Chain: Klyatn, Polygon, Luniverse, LINE Blockchain, Solidity, Database: MySQL, MongoDB, DynamoDB, Infra: AWS (EC2, RDS, Lambda, SQS, S3, Amplify, Code Depoly, etc.), Terraform, k8s, Cowork: Github(MonoRepo, GitFlow), Slack, Notion, Figma프론트엔드 엔지니어는 이런 업무를 하시게 됩니다!, 자사의 Web/Mobile Application 및 기업용 SaaS 플랫폼 설계 및 개발, 최고의 고객경험과 안정적인 서비스 제공을 위한 개선,,""우리는 이런 분들과 함께하고 싶어요!"",, 사용자가 겪는 문제를 IT 기술을 통해 주도적으로 해결하려고 노력하는 사람, 새로운 기술에 대해 거부감이 없고, 끊임없이 도전하길 좋아하는 사람, 팀원들과 기술을 공유하고 함께 성장하는걸 중요하게 생각하는 사람, 되는걸 만드는 것 보다 잘 되는 걸 만들기 위해 노력하는 사람, 자신의 의견을 적극적으로 말할 수 있는사람,,,""우리팀은 이런 기술들을 활용합니다!"", Frontend: React.js, Next.js, TypeScript, JavaScript, Zustand, Recoil, Redux, emotion.js, SCSS, Webpack, Backend: TypeScript (Nest.js, Express.js in Node.js), Native App: Flutter, ReactNative, Block Chain: Klyatn, Polygon, Luniverse, LINE Blockchain, Solidity, Database: MySQL, MongoDB, DynamoDB, Infra: AWS (EC2, RDS, Lambda, SQS, S3, Amplify, Code Depoly, etc.), Terraform, k8s, Cowork: Github(MonoRepo, GitFlow), Slack, Notion, Figma",https://www.wanted.co.kr/wd/214665
13,파더스랩,프론트엔드 개발자(5년이상),"서울 강남구,경력 5-10년",파더스랩 프론트엔드 개발파더스랩 프론트엔드 개발,https://www.wanted.co.kr/wd/214388
14,부동산플래닛,프론트엔드 개발자,"서울 강남구,경력 3-5년"," 부동산 웹/앱 애플리케이션 FrontEnd 개발, FrontEnd 아키텍처 설계, 기존 Project의 UI/UX 개선,, 서류전형  1차실무면접전형  2차임원면접전형 최종합격, 해당 공고는 수시 채용으로, 채용 완료 시 조기 마감될 수 있습니다, 여러분의 소중한 지원서는 수시 검토되며, 서류전형 합격자에 한해 개별로 안내 드립니다., 지원부문, 경력, 기타 상황에 따라 화상면접, 추가면접, 레퍼런스 체크 등이 진행될 수 있습니다., 입사지원 서류에 허위사실이 발견될 경우, 채용확정 이후라도 채용이 취소될 수 있습니다. 부동산 웹/앱 애플리케이션 FrontEnd 개발, FrontEnd 아키텍처 설계, 기존 Project의 UI/UX 개선,, 서류전형  1차실무면접전형  2차임원면접전형 최종합격, 해당 공고는 수시 채용으로, 채용 완료 시 조기 마감될 수 있습니다, 여러분의 소중한 지원서는 수시 검토되며, 서류전형 합격자에 한해 개별로 안내 드립니다., 지원부문, 경력, 기타 상황에 따라 화상면접, 추가면접, 레퍼런스 체크 등이 진행될 수 있습니다., 입사지원 서류에 허위사실이 발견될 경우, 채용확정 이후라도 채용이 취소될 수 있습니다.",https://www.wanted.co.kr/wd/209246
15,다큐브(daquv),백엔드 개발 (8년 이상),"서울 영등포구,경력 8-15년","플랫폼팀은 업무용 AI 서비스에 필요한 백엔드 기능 개발 업무를 담당하고 있습니다.,고객에게 더 나은 서비스를 제공할 수 있도록 꾸준히 개선하고 안정적으로 운영합니다. ,, 업무용 AI 플랫폼 신규 개발 및 운영플랫폼팀은 업무용 AI 서비스에 필요한 백엔드 기능 개발 업무를 담당하고 있습니다.,고객에게 더 나은 서비스를 제공할 수 있도록 꾸준히 개선하고 안정적으로 운영합니다. ,, 업무용 AI 플랫폼 신규 개발 및 운영",https://www.wanted.co.kr/wd/214581
16,포티투닷(42dot),AI Platform Backend Engineer,"서울 서초구,경력 2-10년"," AI Assistant의 핵심 서비스 플랫폼 설계, 개발 및 유지보수, LLM 연동을 위한 대용량 데이터베이스 구축 및 서비스 API 개발, LLM 연동 Plugin 시스템 설계 및 개발 AI Assistant의 핵심 서비스 플랫폼 설계, 개발 및 유지보수, LLM 연동을 위한 대용량 데이터베이스 구축 및 서비스 API 개발, LLM 연동 Plugin 시스템 설계 및 개발",https://www.wanted.co.kr/wd/193794
17,앵커스,개발팀 리더 (15년이상),"서울 마포구,경력 15-25년"," 프론트엔드 및 백엔드 개발, 진행 프로젝트의 개발 가이드, 개발 품질 관리 프론트엔드 및 백엔드 개발, 진행 프로젝트의 개발 가이드, 개발 품질 관리",https://www.wanted.co.kr/wd/214885
18,케이존,시니어 백엔드 개발자(3년차 이상),"경기 성남시,경력 3-10년", 글로벌 온라인 커머스 반품 관리 솔루션 REMEX 서비스 개선 및 개발 글로벌 온라인 커머스 반품 관리 솔루션 REMEX 서비스 개선 및 개발,https://www.wanted.co.kr/wd/214615
19,테스트웍스,NLP/LLM 엔지니어,"서울 송파구,경력 3-10년","  AI 기반 NLP, 멀티모달 서비스 개발 ,  고객사 데이터 분석 및 딥러닝 모델 학습 ,  Task와 Dataset에 맞게 최적화된 학습법 연구 및 설계 ,  Vision 등의 멀티모달 서비스를 위한 모델 연구 및 설계  ,  기존 자사 제품과 연계된 딥러닝 모델 개발 , , LLM 기반 AI 서비스 개발 ,  오픈소스 LLM을 기반으로 한 자체 LLM 구축 ,  LLM Finetuning 및 Prompt Engineering을 위한 데이터 구축 및 연구 ,  기존 자사 제품과 연계된 LLM 모델 개발 , , AI 데이터셋 자동 가공 모듈 ,  대용량의 AI Data를 자동으로 분류, 비식별화 및 증강하는 AI 데이터 전처리  AI 기반 NLP, 멀티모달 서비스 개발 ,  고객사 데이터 분석 및 딥러닝 모델 학습 ,  Task와 Dataset에 맞게 최적화된 학습법 연구 및 설계 ,  Vision 등의 멀티모달 서비스를 위한 모델 연구 및 설계  ,  기존 자사 제품과 연계된 딥러닝 모델 개발 , , LLM 기반 AI 서비스 개발 ,  오픈소스 LLM을 기반으로 한 자체 LLM 구축 ,  LLM Finetuning 및 Prompt Engineering을 위한 데이터 구축 및 연구 ,  기존 자사 제품과 연계된 LLM 모델 개발 , , AI 데이터셋 자동 가공 모듈 ,  대용량의 AI Data를 자동으로 분류, 비식별화 및 증강하는 AI 데이터 전처리",https://www.wanted.co.kr/wd/210245
20,크리스틴컴퍼니,백엔드 개발자 / 3년 이상 (서울),"서울 강남구,경력 3-5년","자사의 ""스마트 신발 제조 전문 플랫폼"" 개발과 고도화 업무를 함께 진행합니다.,,""신플"" 플랫폼에서 발생되는 모든 프로세스를 EndtoEnd로 연결할 수 있고 비즈니스 데이터를 효율적으로 관리/제어 가능하도록 개발 운영하고 있습니다. 신발 제조에 대한 많은 의뢰 데이터를 효율적으로 처리하는 방법과 24시간 연속적으로 시스템이 멈추지 않고 안정적으로 운영되기 위해 기술적 해법을 고민하고 알고리즘을 활용해 빠르고 정확하게 고객, 이용자의 입장을 이해하고 최적화하는데 집중합니다.,,1. 신발제조 플랫폼 백엔드 설계 및 기능 개선,2. 클라우드 기반의 웹/DB서버 안정화 작업,3. 안정적, 확장성 있는 서비스 및 아키텍처 설계 / 개발,4. 서비스 기능 제공 및 연동을 위한 API 개발,5. 개발 프로세스 전반에 대한 기술적 문제 해결자사의 ""스마트 신발 제조 전문 플랫폼"" 개발과 고도화 업무를 함께 진행합니다.,,""신플"" 플랫폼에서 발생되는 모든 프로세스를 EndtoEnd로 연결할 수 있고 비즈니스 데이터를 효율적으로 관리/제어 가능하도록 개발 운영하고 있습니다. 신발 제조에 대한 많은 의뢰 데이터를 효율적으로 처리하는 방법과 24시간 연속적으로 시스템이 멈추지 않고 안정적으로 운영되기 위해 기술적 해법을 고민하고 알고리즘을 활용해 빠르고 정확하게 고객, 이용자의 입장을 이해하고 최적화하는데 집중합니다.,,1. 신발제조 플랫폼 백엔드 설계 및 기능 개선,2. 클라우드 기반의 웹/DB서버 안정화 작업,3. 안정적, 확장성 있는 서비스 및 아키텍처 설계 / 개발,4. 서비스 기능 제공 및 연동을 위한 API 개발,5. 개발 프로세스 전반에 대한 기술적 문제 해결",https://www.wanted.co.kr/wd/214993
21,이제이엠컴퍼니,프론트엔드 엔지니어 (3년 이상),"서울 서초구,경력 3-10년","함께 할 업무예요, 신규 서비스 FrontEnd 개발, 운영, 기존 서비스 FrontEnd 유지보수, 개선 개발, 기존 서비스 시스템의 FrontEnd 리빌딩 개발, 공통 컴포넌트 개발 및 고도화,,채용절차, 서류 접수 ＞ 과제 ＞ 면접 (직무 & 컬쳐 핏), 경력에 따라 과제는 생략될 수 있습니다.,,지원 시 주의사항, 모든 정규직 채용의 경우, 3개월의 수습기간이 있으며, 평가 결과에 따라 수습기간이 연장되거나 채용이 취소 될 수 있습니다.함께 할 업무예요, 신규 서비스 FrontEnd 개발, 운영, 기존 서비스 FrontEnd 유지보수, 개선 개발, 기존 서비스 시스템의 FrontEnd 리빌딩 개발, 공통 컴포넌트 개발 및 고도화,,채용절차, 서류 접수 ＞ 과제 ＞ 면접 (직무 & 컬쳐 핏), 경력에 따라 과제는 생략될 수 있습니다.,,지원 시 주의사항, 모든 정규직 채용의 경우, 3개월의 수습기간이 있으며, 평가 결과에 따라 수습기간이 연장되거나 채용이 취소 될 수 있습니다.",https://www.wanted.co.kr/wd/186343
22,에스티에이테스팅컨설팅(STA),SW 테스트 엔지니어(전자상거래 부문),"서울 강남구,경력 1-15년"," 요구사항 분석, Test Case 작성 및 수행, 결함보고 및 관리 요구사항 분석, Test Case 작성 및 수행, 결함보고 및 관리",https://www.wanted.co.kr/wd/214600
23,앰버로드,Project Manager,"서울 강남구,경력 5-15년"," 제조분야 분석 솔루션 적용, 영업 지원 및 PreSales, 프로젝트 관리, 고객 요구사항 분석 및 솔루션 커스터마이징 제조분야 분석 솔루션 적용, 영업 지원 및 PreSales, 프로젝트 관리, 고객 요구사항 분석 및 솔루션 커스터마이징",https://www.wanted.co.kr/wd/212961
24,에이젠글로벌,DevOps Engineer,"서울 영등포구,경력 3-5년"," AI 금융 플랫폼 Cloud 인프라 구축 및 운영, Kumernetes Cluster 구축과 운영 및 리소스 코드화/관리 자동화 업무 수행, 시스템 운영을 위한 핵심지표 수립 및 시각화 업무 수행 AI 금융 플랫폼 Cloud 인프라 구축 및 운영, Kumernetes Cluster 구축과 운영 및 리소스 코드화/관리 자동화 업무 수행, 시스템 운영을 위한 핵심지표 수립 및 시각화 업무 수행",https://www.wanted.co.kr/wd/214759
25,콜로세움코퍼레이션,[100억↑투자] WMS/Fulfillment 솔루션 Back-end Develop,"서울 강남구,경력 8-12년"," 소단위 파트 인원 관리 및 프로젝트 PL역할 수행, 온라인 판매자의 상품 입고부터 물류창고의 상품 출고까지 아우르는 물류관리 시스템 운영 및 설계/개발, 외부 시스템과의 연동을 통한 시스템 기능 강화, AWS를 이용한 서버, DB 운영 및 관리, 각종 로봇 및 보조 장비들과의 연동을 위한 콘솔 프로그래밍, 배치 프로그래밍을 이용한 각종 스케줄 잡 구성 소단위 파트 인원 관리 및 프로젝트 PL역할 수행, 온라인 판매자의 상품 입고부터 물류창고의 상품 출고까지 아우르는 물류관리 시스템 운영 및 설계/개발, 외부 시스템과의 연동을 통한 시스템 기능 강화, AWS를 이용한 서버, DB 운영 및 관리, 각종 로봇 및 보조 장비들과의 연동을 위한 콘솔 프로그래밍, 배치 프로그래밍을 이용한 각종 스케줄 잡 구성",https://www.wanted.co.kr/wd/214377
26,피어테크(지닥),React Native 개발자,"서울 강남구,경력 2-10년","지닥거래소는 국내 4위권, 법인 거래 1위의 가상자산 거래소입니다. 올해 은행의 실명인증 계좌확보를 통해 더욱 큰 성장을 앞두고, 사용성 개선을 위해 모바일 앱을 개발하려 합니다. 본 포지션은 지닥 거래소 모바일 앱을 React Native 로 개발하는 업무를 수행하게 됩니다.,, GDAC 거래소 앱 (Android, iOS) 개발 담당, 기본적인 앱 화면 구성 개발 및 개선, WebSocket을 통한 소켓 통신 개발 및 개선지닥거래소는 국내 4위권, 법인 거래 1위의 가상자산 거래소입니다. 올해 은행의 실명인증 계좌확보를 통해 더욱 큰 성장을 앞두고, 사용성 개선을 위해 모바일 앱을 개발하려 합니다. 본 포지션은 지닥 거래소 모바일 앱을 React Native 로 개발하는 업무를 수행하게 됩니다.,, GDAC 거래소 앱 (Android, iOS) 개발 담당, 기본적인 앱 화면 구성 개발 및 개선, WebSocket을 통한 소켓 통신 개발 및 개선",https://www.wanted.co.kr/wd/212045
27,휴톰,Dev Ops 개발자(3년 이상),"서울 마포구,경력 3-20년"," 지속적인 통합과 지속적인 배포를 구축하고 운영해요., 모델 서빙 파이프라인을 구축하고 운영해요, 데이터 파이프라인을 구축하고 운영해요. 지속적인 통합과 지속적인 배포를 구축하고 운영해요., 모델 서빙 파이프라인을 구축하고 운영해요, 데이터 파이프라인을 구축하고 운영해요.",https://www.wanted.co.kr/wd/205554
28,그리드위즈,시스템 프로그램 개발 (E-Mobility본부),"경기 성남시,경력 3-10년"," 전기차 충전 통신 솔루션 시스템 프로그램 개발, MCU 기반 네트워크 및 장치제어 프로그램 개발, ,채용절차, 서류전형 (적합자에 한하여 공고 마감일까지 수시로 개별 유선/문자 안내), 실무면접 (담당 팀 구성원과 실무면접 진행), 인적성 검사 (외부기관을 통한 온라인 인적성 검사 진행), 최종면접, 최종합격 (정규직, 수습 3개월) 전기차 충전 통신 솔루션 시스템 프로그램 개발, MCU 기반 네트워크 및 장치제어 프로그램 개발, ,채용절차, 서류전형 (적합자에 한하여 공고 마감일까지 수시로 개별 유선/문자 안내), 실무면접 (담당 팀 구성원과 실무면접 진행), 인적성 검사 (외부기관을 통한 온라인 인적성 검사 진행), 최종면접, 최종합격 (정규직, 수습 3개월)",https://www.wanted.co.kr/wd/199610
29,큐피스트(글램),프론트엔드 개발자 (React),"서울 강남구,경력 5-10년"," Cupist 서비스를 이용하는 유저들의 다양한 요구사항을 뛰어난 UI/UX가 반영된 기능으로 구현합니다., 서비스 관리를 위한 어드민의 다양한 유저 관리 도구와 모니터링 도구를 개발합니다., 프로젝트 내외에서 React 개발 환경과 수준을 지속적으로 발전 시킵니다. Cupist 서비스를 이용하는 유저들의 다양한 요구사항을 뛰어난 UI/UX가 반영된 기능으로 구현합니다., 서비스 관리를 위한 어드민의 다양한 유저 관리 도구와 모니터링 도구를 개발합니다., 프로젝트 내외에서 React 개발 환경과 수준을 지속적으로 발전 시킵니다.",https://www.wanted.co.kr/wd/214772
30,덴컴,AI 응용 프로그램 개발 풀스택 개발자,"서울 강남구,경력 5-10년","AI 모델 개발 및 통합: 딥 러닝 및 기계 학습 기술을 사용하여 AI 모델을 개발하고, 웹 애플리케이션 또는 모바일 앱과 통합합니다. 이미지 분류, 자연어 처리, 추천 시스템 등 다양한 AI 응용을 구현합니다.,풀스택 개발: 프론트엔드와 백엔드 개발을 모두 다룹니다. 사용자 인터페이스(UI) 및 사용자 경험(UX)을 개선하고, 백엔드 시스템을 구축하여 AI 모델과의 통합을 지원합니다.,데이터 관리 및 처리: AI 모델에 필요한 데이터를 수집, 전처리 및 관리합니다. 데이터베이스 설계 및 쿼리 작성을 통해 데이터를 효율적으로 관리하고 AI 모델에 적합한 형식으로 변환합니다.,테스트 및 디버깅: 소프트웨어 제품의 품질을 유지하기 위해 테스트 코드를 작성하고, 소프트웨어를 디버깅하여 버그를 식별하고 해결합니다. 사용자 요구사항을 충족시키기 위해 지속적인 개선을 수행합니다.,협업 및 커뮤니케이션: 다른 개발자들 및 이해관계자들과 원활하게 협업하여 프로젝트를 진행하고, 개발 과정과 결과물을 효과적으로 소통합니다., , 프론트엔드 ,프로그래밍 언어: JavaScript, C/C++,, 백엔드 ,프로그래밍 언어: Python, JavaScript(Node.js),웹 프레임워크: Django, Flask, Express.js,데이터베이스: MongoDB,RESTful API 설계 및 개발,, 클라우드 ,클라우드 플랫폼: AWS, Google Cloud Platform, Microsoft Azure,컨테이너 오케스트레이션: Docker, KubernetesAI 모델 개발 및 통합: 딥 러닝 및 기계 학습 기술을 사용하여 AI 모델을 개발하고, 웹 애플리케이션 또는 모바일 앱과 통합합니다. 이미지 분류, 자연어 처리, 추천 시스템 등 다양한 AI 응용을 구현합니다.,풀스택 개발: 프론트엔드와 백엔드 개발을 모두 다룹니다. 사용자 인터페이스(UI) 및 사용자 경험(UX)을 개선하고, 백엔드 시스템을 구축하여 AI 모델과의 통합을 지원합니다.,데이터 관리 및 처리: AI 모델에 필요한 데이터를 수집, 전처리 및 관리합니다. 데이터베이스 설계 및 쿼리 작성을 통해 데이터를 효율적으로 관리하고 AI 모델에 적합한 형식으로 변환합니다.,테스트 및 디버깅: 소프트웨어 제품의 품질을 유지하기 위해 테스트 코드를 작성하고, 소프트웨어를 디버깅하여 버그를 식별하고 해결합니다. 사용자 요구사항을 충족시키기 위해 지속적인 개선을 수행합니다.,협업 및 커뮤니케이션: 다른 개발자들 및 이해관계자들과 원활하게 협업하여 프로젝트를 진행하고, 개발 과정과 결과물을 효과적으로 소통합니다., , 프론트엔드 ,프로그래밍 언어: JavaScript, C/C++,, 백엔드 ,프로그래밍 언어: Python, JavaScript(Node.js),웹 프레임워크: Django, Flask, Express.js,데이터베이스: MongoDB,RESTful API 설계 및 개발,, 클라우드 ,클라우드 플랫폼: AWS, Google Cloud Platform, Microsoft Azure,컨테이너 오케스트레이션: Docker, Kubernetes",https://www.wanted.co.kr/wd/212289
31,브레인커머스,[잡플래닛] Front End 개발자 (시니어),"서울 강남구,경력 5-15년","브레인커머스의 프론트엔드 개발자는 비즈니스별 스쿼드로 나뉘어 프로덕트 개발에 참여하고 있습니다. 대부분의 업무가 협업으로 이루어지며, 적극적인 커뮤니케이션이 필요할 수 있습니다. Squad에서 요구하는 대부분의 업무를 처리하며 개발 방법을 주도해야 합니다.,브레인커머스에서 운영하고 있는 잡플래닛 외 신규서비스의 frontend 개발을 주도해가실 수 있는 인재를 기다리고 있습니다.,잡플래닛 서비스 및 신규서비스의 웹 Frontend 개발 및 유지관리브레인커머스의 프론트엔드 개발자는 비즈니스별 스쿼드로 나뉘어 프로덕트 개발에 참여하고 있습니다. 대부분의 업무가 협업으로 이루어지며, 적극적인 커뮤니케이션이 필요할 수 있습니다. Squad에서 요구하는 대부분의 업무를 처리하며 개발 방법을 주도해야 합니다.,브레인커머스에서 운영하고 있는 잡플래닛 외 신규서비스의 frontend 개발을 주도해가실 수 있는 인재를 기다리고 있습니다.,잡플래닛 서비스 및 신규서비스의 웹 Frontend 개발 및 유지관리",https://www.wanted.co.kr/wd/24957
32,엔에이치엔커머스(nhn커머스),PHP 개발자 (서울지사),"서울 구로구,경력 2-5년"," 커머스 솔루션의 효율적인 소스 관리를 위한 리팩토링, 커머스 솔루션의 성능 최적화를 위한 기능 개선, 글로벌 커머스를 위한 커머스 솔루션 핵심 도메인의 확장성 강화, 커머스 솔루션의 사용자 경험을 만족하는 기능 개발 커머스 솔루션의 효율적인 소스 관리를 위한 리팩토링, 커머스 솔루션의 성능 최적화를 위한 기능 개선, 글로벌 커머스를 위한 커머스 솔루션 핵심 도메인의 확장성 강화, 커머스 솔루션의 사용자 경험을 만족하는 기능 개발",https://www.wanted.co.kr/wd/214630
33,케이존,시니어 프론트엔드 개발자(3년차 이상),"경기 성남시,경력 3-10년", 글로벌 온라인 커머스 반품 관리 솔루션 REMEX 서비스 개선 및 개발 글로벌 온라인 커머스 반품 관리 솔루션 REMEX 서비스 개선 및 개발,https://www.wanted.co.kr/wd/212955
34,메디픽셀,Machine Learning Engineer (Vision),"서울 강남구,경력 1-10년"," 의료영상 및 의료데이터를 기반으로 하는 machine learning, deep learning 관련 연구 및 개발, 메디픽셀 제품군에서 machine learning, deep learning으로 해결 가능한 문제 정의 및 해결, 연구 결과에 따른 관련 논문 작성 의료영상 및 의료데이터를 기반으로 하는 machine learning, deep learning 관련 연구 및 개발, 메디픽셀 제품군에서 machine learning, deep learning으로 해결 가능한 문제 정의 및 해결, 연구 결과에 따른 관련 논문 작성",https://www.wanted.co.kr/wd/204312
35,에너닷,서비스 기획 (PM),"서울 서초구,경력 3-5년"," 상품 요구조건에 기반한 제품 로드맵 수립 및 관리, 비지니스에 대한 이해도를 바탕으로 내/외부 이해관계자와 커뮤니케이션 담당, 사업, 서비스 운영,개발, R&D 팀 간의 업무 프로세프 관리, 상품기획 산출물 작성 및 관리 상품 요구조건에 기반한 제품 로드맵 수립 및 관리, 비지니스에 대한 이해도를 바탕으로 내/외부 이해관계자와 커뮤니케이션 담당, 사업, 서비스 운영,개발, R&D 팀 간의 업무 프로세프 관리, 상품기획 산출물 작성 및 관리",https://www.wanted.co.kr/wd/214251
36,아이알큐더스,"[개발] SW엔지니어(API, Python)","서울 영등포구,경력 3-5년","함께하게 될 팀을 알려드려요,,IR큐더스의 IPO API 제품팀은 상장을 준비하는 IPO 기업들에 대한 다양한 단계별 데이터를 총괄 관리하는 PO, 이러한 데이터들을 수집 및 정제하는 데이터 운영자, 그리고 제품 개발자로 구성되어 있습니다.,제품 개발자는 데이터를 입력하는 윈도우 프로그램과 금융/증권업 중심의 고객사들을 위한 맞춤형 IPO 데이터를 제공하는 API를 관리고 있습니다.,,함께하게 될 업무에요,, IPO 기업들에 대한 데이터 수집 프로그램 유지/보수, 160여 가지의 IPO 단계별 데이터 분석 및 모델링, 고객사별 데이터 니즈에 맞춘 IPO 인터페이스 유지/보수, 윈도우 프로그램으로 개발된 일부 ASIS 시스템을 웹 방식으로 변환하는 컨버팅 프로젝트함께하게 될 팀을 알려드려요,,IR큐더스의 IPO API 제품팀은 상장을 준비하는 IPO 기업들에 대한 다양한 단계별 데이터를 총괄 관리하는 PO, 이러한 데이터들을 수집 및 정제하는 데이터 운영자, 그리고 제품 개발자로 구성되어 있습니다.,제품 개발자는 데이터를 입력하는 윈도우 프로그램과 금융/증권업 중심의 고객사들을 위한 맞춤형 IPO 데이터를 제공하는 API를 관리고 있습니다.,,함께하게 될 업무에요,, IPO 기업들에 대한 데이터 수집 프로그램 유지/보수, 160여 가지의 IPO 단계별 데이터 분석 및 모델링, 고객사별 데이터 니즈에 맞춘 IPO 인터페이스 유지/보수, 윈도우 프로그램으로 개발된 일부 ASIS 시스템을 웹 방식으로 변환하는 컨버팅 프로젝트",https://www.wanted.co.kr/wd/213910
37,셀렉트스타,AI NLP 연구원,"서울 강남구,경력 3-5년","AI NLP Team,셀렉트스타 NLP팀은 최신 AI 모델을 위한 데이터 기획, 도메인 특화 챗봇 구축 등 상용화 및 프로덕트 레벨에서의 NLP 기술을 개발하고 고민합니다. 또한, NLP 팀은 단순히 연구하는 데 그치지 않고 우리가 만든 기술을 실제 데이터 생산에 적용하여 세상을 더욱 편리하게 만드는 목표를 가지고 있습니다. 함께 언어의 장벽을 허물어 세상을 바꾸고 싶은 분이 있다면 지원해 주세요!,,담당 업무, 특정 도메인과 관련된 문서 기반의 Search Engine 구현,     RAG, Semantic Search 등의 기술을 통해 고객사의 문서 내에서 적절한 정보를 추출,     추출된 정보를 기반으로 LLM이 정확한 답변을 할 수 있도록 고도화, 오픈소스 LLM Instruction tuning 및 Human preference tuning,     LLAMA, Alpaca 등 오픈소스 모델이 특정 도메인의 Instruction과 Human preference를 잘 따르도록 학습 데이터 기획 및 모델 튜닝, LLM api 모델(GPT4, PaLM2 등)과 오픈소스 LLM 오케스트레이션,     질의 수준에 따라 적절한 기능의 LLM을 채택하도록 하여 비용 효율화, 다양한 NLP 데이터 생산을 위한 semiauto labeling 시스템 개발 및 AI 자동화 학습 파이프 라인 구축,,채용 절차,서류 전형 ＞ 직무 및 컬쳐핏 면접 ＞ 처우 협의 ＞ 최종 합격,* 이력서 및 포트폴리오를 pdf 파일로 제출해주세요!,* github 계정, 기술 블로그, 포트폴리오 등 역량을 보여주실 수 있는 정보를 함께 작성해주세요!,* 추가로 제출하시고자 하는 서류가 있다면 함께 제출해주시면 됩니다!AI NLP Team,셀렉트스타 NLP팀은 최신 AI 모델을 위한 데이터 기획, 도메인 특화 챗봇 구축 등 상용화 및 프로덕트 레벨에서의 NLP 기술을 개발하고 고민합니다. 또한, NLP 팀은 단순히 연구하는 데 그치지 않고 우리가 만든 기술을 실제 데이터 생산에 적용하여 세상을 더욱 편리하게 만드는 목표를 가지고 있습니다. 함께 언어의 장벽을 허물어 세상을 바꾸고 싶은 분이 있다면 지원해 주세요!,,담당 업무, 특정 도메인과 관련된 문서 기반의 Search Engine 구현,     RAG, Semantic Search 등의 기술을 통해 고객사의 문서 내에서 적절한 정보를 추출,     추출된 정보를 기반으로 LLM이 정확한 답변을 할 수 있도록 고도화, 오픈소스 LLM Instruction tuning 및 Human preference tuning,     LLAMA, Alpaca 등 오픈소스 모델이 특정 도메인의 Instruction과 Human preference를 잘 따르도록 학습 데이터 기획 및 모델 튜닝, LLM api 모델(GPT4, PaLM2 등)과 오픈소스 LLM 오케스트레이션,     질의 수준에 따라 적절한 기능의 LLM을 채택하도록 하여 비용 효율화, 다양한 NLP 데이터 생산을 위한 semiauto labeling 시스템 개발 및 AI 자동화 학습 파이프 라인 구축,,채용 절차,서류 전형 ＞ 직무 및 컬쳐핏 면접 ＞ 처우 협의 ＞ 최종 합격,* 이력서 및 포트폴리오를 pdf 파일로 제출해주세요!,* github 계정, 기술 블로그, 포트폴리오 등 역량을 보여주실 수 있는 정보를 함께 작성해주세요!,* 추가로 제출하시고자 하는 서류가 있다면 함께 제출해주시면 됩니다!",https://www.wanted.co.kr/wd/160748
38,디앤에스에버(DNS Ever),Frontend (React / Angular) 개발자(5년 이상),"서울 강남구,경력 5-15년"," 가상자산거래소 웹사이트 데스크탑, 모바일 웹, 스마트폰 앱을 위한 웹뷰페이지 개발, 가상자산거래소 운영에 필요한 어드민 백오피스, 서비스 사용 경험 개선을 위한 자바스크립트 라이브러리 제작, 데브옵스, BFF 서버개발 가상자산거래소 웹사이트 데스크탑, 모바일 웹, 스마트폰 앱을 위한 웹뷰페이지 개발, 가상자산거래소 운영에 필요한 어드민 백오피스, 서비스 사용 경험 개선을 위한 자바스크립트 라이브러리 제작, 데브옵스, BFF 서버개발",https://www.wanted.co.kr/wd/214425
39,덴컴,음성 AI Researcher,"서울 강남구,경력 4-10년","화자인식, 화자분리 기술 연구,다화자 음성합성 모델 개발,다국어 음성인식 모델 개발,도출된 연구 결과에 대한 논문 작성 및 특허 출원화자인식, 화자분리 기술 연구,다화자 음성합성 모델 개발,다국어 음성인식 모델 개발,도출된 연구 결과에 대한 논문 작성 및 특허 출원",https://www.wanted.co.kr/wd/212282
40,딥세일즈,프론트엔드 개발자 /5년 이상,"서울 강남구,경력 5-10년","· 현재 서비스에 대한 사용자 리뉴얼(반응형) 및 관리자모드 개발,·  내부 데이터처리 서비스용 기능을 위한 프론트개발,·  현재 서비스 고도화,·  AI서비스기능관련 UI개발,·  차트 및 시각화 개발· 현재 서비스에 대한 사용자 리뉴얼(반응형) 및 관리자모드 개발,·  내부 데이터처리 서비스용 기능을 위한 프론트개발,·  현재 서비스 고도화,·  AI서비스기능관련 UI개발,·  차트 및 시각화 개발",https://www.wanted.co.kr/wd/213419
41,플라잎,Deep Learning Engineer(전문연구요원 가능),"경기 성남시,경력 3-5년","기대하는 역할입니다, Deep LearningBased Computer Vision Solutions 연구 및 개발,     Object Detection, Instance Segmentation,     6D Pose Estimation,     Semisupervised learning,     Robotic Grasp Detection,     Synthetic Data Generation, Network 최적화 및 경량화기대하는 역할입니다, Deep LearningBased Computer Vision Solutions 연구 및 개발,     Object Detection, Instance Segmentation,     6D Pose Estimation,     Semisupervised learning,     Robotic Grasp Detection,     Synthetic Data Generation, Network 최적화 및 경량화",https://www.wanted.co.kr/wd/79938
42,래딕스글로비즈,[UNLOCK] 하이브리드 APP 개발 (3년 이상),"서울 마포구,경력 3-10년",UNLOCK 서비스 개발UNLOCK 서비스 개발,https://www.wanted.co.kr/wd/182136
43,북아이피스,Software Engineer:  Studio Squad,"서울 서초구,경력 4-9년"," 문항 컨텐츠 저작도구 Solvook Studio 개발, 문항 컨텐츠에 대한 Custom JSON Format 스펙 설계 문항 컨텐츠 저작도구 Solvook Studio 개발, 문항 컨텐츠에 대한 Custom JSON Format 스펙 설계",https://www.wanted.co.kr/wd/213800
44,엔에스원소프트,솔루션 서버파트 개발자 (4년 이상),"서울 강남구,경력 4-10년"," 자사 관제솔루션 서버 파트 개발(C, Python, DB, Rest, API, JAVA 등 기술 사용), 웹/앱 응용서비스 개발, TCP/IP, API, REST, MQTT 등 다양한 인터페이스 활용 어플리케이션 개발 자사 관제솔루션 서버 파트 개발(C, Python, DB, Rest, API, JAVA 등 기술 사용), 웹/앱 응용서비스 개발, TCP/IP, API, REST, MQTT 등 다양한 인터페이스 활용 어플리케이션 개발",https://www.wanted.co.kr/wd/154778
45,차란차,프론트엔드 개발자 React (7년 이상),"서울 동대문구,경력 7-15년"," 차량 분석 정보를 이용한 서비스 개발, 차량 관련 내/외부 시스템 연동개발, 중고차 거래 서비스를 제공하는 차란차 플랫폼 운영/신규 개발 차량 분석 정보를 이용한 서비스 개발, 차량 관련 내/외부 시스템 연동개발, 중고차 거래 서비스를 제공하는 차란차 플랫폼 운영/신규 개발",https://www.wanted.co.kr/wd/188040
46,오케스트로,Cloud Infra Engineer Lead,"서울 영등포구,경력 5-20년"," Project 기반 Cloud Infra (OpenStack, Kubernetes) 구축 및 운영 , 서버, 스토리지, 방화벽, 네트워크, 클라우드 데이터 센터의 전반적인 구축 및 운영 업무 , 자사 제품에 대한 사업 수행 및 관리 Project 기반 Cloud Infra (OpenStack, Kubernetes) 구축 및 운영 , 서버, 스토리지, 방화벽, 네트워크, 클라우드 데이터 센터의 전반적인 구축 및 운영 업무 , 자사 제품에 대한 사업 수행 및 관리",https://www.wanted.co.kr/wd/213448
47,클루닉스,운영 시스템 개발,"서울 영등포구,경력 3-15년","모집 부문,, 웹 기반 R&D 통합 솔루션 개발,,담당 업무,, 웹 기반 R&D 자원 관리 모듈 개발 , 자체 개발 솔루션의 유지보수,,                                                        모집 부문,, 웹 기반 R&D 통합 솔루션 개발,,담당 업무,, 웹 기반 R&D 자원 관리 모듈 개발 , 자체 개발 솔루션의 유지보수,,                                                        ",https://www.wanted.co.kr/wd/214066
48,비포플레이,[Global 서비스] 프론트엔드 개발자,"서울 강남구,경력 7-20년","  비포플레이 글로벌 사이트 개발(영어, 스페인어, 중국어 등 다국어 지원),    비포플레이의 글로벌 웹/앱 클라이언트의 프론트엔드를 담당합니다., 기획/디자인 부서와의 협업  비포플레이 글로벌 사이트 개발(영어, 스페인어, 중국어 등 다국어 지원),    비포플레이의 글로벌 웹/앱 클라이언트의 프론트엔드를 담당합니다., 기획/디자인 부서와의 협업",https://www.wanted.co.kr/wd/123848
49,뉴로핏(NEUROPHET),SW 검증 전문가,"서울 강남구,경력 5-10년"," Software specification 기반 Test specification 설계, 기능 및 비기능 테스트 수행, 검증결과 보고서 작성, SW Test Automation 설계, 실행, Defect Management Software specification 기반 Test specification 설계, 기능 및 비기능 테스트 수행, 검증결과 보고서 작성, SW Test Automation 설계, 실행, Defect Management",https://www.wanted.co.kr/wd/214697
50,메사쿠어컴퍼니,이미지 프로세싱(오브젝트 트래킹) 전문가_OpenCV,"서울 강남구,경력 3-15년"," OpenCV등을 활용하여 Windows 응용프로그램 개발업무를 수행합니다., OpenCV를 이용한 이미지 프로세싱, 오브젝트 트래킹 업무를 수행합니다., 효과적인 커뮤니케이션을 활용하여 고객과의 직/간접적인 의사소통을 실행합니다.,,,전형절차, 서류전형 ＞ 실무면접 ＞ 임원면접 ＞ 처우산정 및 처우협의 ＞ 채용확정, 임원면접의 경우, 지원자 경력년차를 고려하여 진행여부 결정 OpenCV등을 활용하여 Windows 응용프로그램 개발업무를 수행합니다., OpenCV를 이용한 이미지 프로세싱, 오브젝트 트래킹 업무를 수행합니다., 효과적인 커뮤니케이션을 활용하여 고객과의 직/간접적인 의사소통을 실행합니다.,,,전형절차, 서류전형 ＞ 실무면접 ＞ 임원면접 ＞ 처우산정 및 처우협의 ＞ 채용확정, 임원면접의 경우, 지원자 경력년차를 고려하여 진행여부 결정",https://www.wanted.co.kr/wd/213577
51,위메이드(WEMADE),[디스민즈워] QA 테스터(PC/Console),"경기 성남시,경력 5-18년"," 기획서 기반 테스트 설계 및 수행, QA 단계별 이슈 작성 및 트래킹, 품질 관리를 위한 다양한 게임 분석 및 의견 타진, 밸런스/플레이 테스트 기획서 기반 테스트 설계 및 수행, QA 단계별 이슈 작성 및 트래킹, 품질 관리를 위한 다양한 게임 분석 및 의견 타진, 밸런스/플레이 테스트",https://www.wanted.co.kr/wd/213911
52,삼가,Backend Developer,"서울 마포구,경력 4-8년","■ 삼가는 이렇게 일해요, 부서별로 목표를 가지고 여러 포지션의 동료들이 협업하는 목적조직 형태로 일합니다., 프로덕트에 대한 전문성과 애정을 가지고 주도적으로 일하고 있어요., 2~6주 단위의 스프린트 주기로 일하며, 프로덕트의 속도와 품질 사이 협의점을 고민하여 최선의 결과를 도출합니다., 전사 OKR을 달성하기 위해 동료들과 Why, What, How에 대한 싱크를 맞춤과 동시에, 본인의 업무에는 오너십을 가지고 몰두할 수 있어요.,,■ 삼가 개발자는 이런 일해요,삼가는 실버 산업의 전세계 리더를 꿈꾸고 있어요. 서비스를 이용하는 데이터를 기반으로 가장 좋은 서비스와 상품을 제공하기 위해 끊임없이 연구합니다., 신규 사업에 대한 서버를 설계하고 개발 및 고도화를 진행, 사용자 맞춤형 서비스를 제공하기 위한 데이터 수집 및 분석을 위한 인프라를 개발하고 운영, 제휴 및 외부 서비스 연동을 위한 API개발 및 운영, 운영하고 있는 서비스의 확장성, 안정성을 위한 방안을 고민하고 실행,,삼가에서 사용하고 있는 기술, 개발언어 : Java, node.js, 프레임워크 : Spring Framework, 데이터베이스 : Oracle, MySQL, 서버 : Tomcat, Apache, Nginx■ 삼가는 이렇게 일해요, 부서별로 목표를 가지고 여러 포지션의 동료들이 협업하는 목적조직 형태로 일합니다., 프로덕트에 대한 전문성과 애정을 가지고 주도적으로 일하고 있어요., 2~6주 단위의 스프린트 주기로 일하며, 프로덕트의 속도와 품질 사이 협의점을 고민하여 최선의 결과를 도출합니다., 전사 OKR을 달성하기 위해 동료들과 Why, What, How에 대한 싱크를 맞춤과 동시에, 본인의 업무에는 오너십을 가지고 몰두할 수 있어요.,,■ 삼가 개발자는 이런 일해요,삼가는 실버 산업의 전세계 리더를 꿈꾸고 있어요. 서비스를 이용하는 데이터를 기반으로 가장 좋은 서비스와 상품을 제공하기 위해 끊임없이 연구합니다., 신규 사업에 대한 서버를 설계하고 개발 및 고도화를 진행, 사용자 맞춤형 서비스를 제공하기 위한 데이터 수집 및 분석을 위한 인프라를 개발하고 운영, 제휴 및 외부 서비스 연동을 위한 API개발 및 운영, 운영하고 있는 서비스의 확장성, 안정성을 위한 방안을 고민하고 실행,,삼가에서 사용하고 있는 기술, 개발언어 : Java, node.js, 프레임워크 : Spring Framework, 데이터베이스 : Oracle, MySQL, 서버 : Tomcat, Apache, Nginx",https://www.wanted.co.kr/wd/209303
53,한국네트웍스,WEB시스템 운영/개발,"경기 성남시,경력 5-15년"," 그룹사(한국앤컴퍼니) WEB시스템 개발/운영,,근무조건, 근무형태 : 정규직, 근무지 : 판교 테크노밸리(경기도 성남시) , 근무시간 : 주5일, 8시 ~ 17시, 급여 : 회사내규에 따름(면접 후 결정),,전형절차, 서류전형   1차면접(코딩테스트)  인성검사  2차면접(채용검진)  처우협의(레퍼런스체크) 최종합격,※ 레퍼런스 체크는 상황에 따라 생략될 수 있음., ,접수방법, 접수 기간: 채용시 마감,※ 이력서 접수 순서대로 면접을 진행하며 우수인재 확보 시 마감, 이력서: 자유양식 (희망연봉 필수기재),,기타사항, 입사지원 서류에 허위사실이 발견될 경우, 채용확정 이후라도 채용이 취소될 수 있습니다., 지원자의 적성 및 경험을 고려하여 타 직무가 적합하다고 판단되는 경우, 지원분야가 변경될 수 있습니다.,「채용절차의 공정화에 관한 법률」 에 따라 원본으로 제출한 서류는 최종합격자 발표일부터 14일 이내 본인이 요청할 경우 반환 받을 수 있으며, 기한이 지나면 「개인정보보호법」에 따라 파기합니다. 그룹사(한국앤컴퍼니) WEB시스템 개발/운영,,근무조건, 근무형태 : 정규직, 근무지 : 판교 테크노밸리(경기도 성남시) , 근무시간 : 주5일, 8시 ~ 17시, 급여 : 회사내규에 따름(면접 후 결정),,전형절차, 서류전형   1차면접(코딩테스트)  인성검사  2차면접(채용검진)  처우협의(레퍼런스체크) 최종합격,※ 레퍼런스 체크는 상황에 따라 생략될 수 있음., ,접수방법, 접수 기간: 채용시 마감,※ 이력서 접수 순서대로 면접을 진행하며 우수인재 확보 시 마감, 이력서: 자유양식 (희망연봉 필수기재),,기타사항, 입사지원 서류에 허위사실이 발견될 경우, 채용확정 이후라도 채용이 취소될 수 있습니다., 지원자의 적성 및 경험을 고려하여 타 직무가 적합하다고 판단되는 경우, 지원분야가 변경될 수 있습니다.,「채용절차의 공정화에 관한 법률」 에 따라 원본으로 제출한 서류는 최종합격자 발표일부터 14일 이내 본인이 요청할 경우 반환 받을 수 있으며, 기한이 지나면 「개인정보보호법」에 따라 파기합니다.",https://www.wanted.co.kr/wd/214459
54,엘에스엠케이(LSMK),웹/모바일 클라이언트(React/Flutter) 개발자,"서울 송파구,경력 3-5년"," 블루멘토 서비스 웹/앱 신규 기능 개발 및 유지 보수, 자사 서비스 관련 신규 인터페이스 개발, 자사 서비스 내의 신규 프로젝트 개발, React 프레임워크를 사용하여 자사 웹 서비스 운영, Flutter를 사용하여  자사 앱 서비스 운영 및 배포 (iOS, Android),,이런 기술을 활용해요,,웹 프론트,, Typescript, React.js, Emotion, Zustand, ReactQuery, Excel.js, Github Action,,모바일 앱,, Flutter, MVVM, Riverpod, Freezed, Dio, Fastlane, Github Action 블루멘토 서비스 웹/앱 신규 기능 개발 및 유지 보수, 자사 서비스 관련 신규 인터페이스 개발, 자사 서비스 내의 신규 프로젝트 개발, React 프레임워크를 사용하여 자사 웹 서비스 운영, Flutter를 사용하여  자사 앱 서비스 운영 및 배포 (iOS, Android),,이런 기술을 활용해요,,웹 프론트,, Typescript, React.js, Emotion, Zustand, ReactQuery, Excel.js, Github Action,,모바일 앱,, Flutter, MVVM, Riverpod, Freezed, Dio, Fastlane, Github Action",https://www.wanted.co.kr/wd/214936
55,대보정보통신,시스템 연계 개발 (8년이상),"서울 강남구,경력 8-15년"," 내/외부 연계시스템 구축, 고객 요구사항 및 연관 시스템 분석, 인터페이스 분석, 설계, 구축, 테스트 등 내/외부 연계시스템 구축, 고객 요구사항 및 연관 시스템 분석, 인터페이스 분석, 설계, 구축, 테스트 등",https://www.wanted.co.kr/wd/187491
56,아이브,[100억↑투자] DevOps Engineer,"서울 서초구,경력 4-10년"," EKS 기반의 container orchestration 및 infra 구성, Microk8s 기반의 container orchestration 및 infra 구성, Kubernetes RBAC 설정 및 클라이언트 보안 구성, Terraform을 통한 IaC, Helm Chart, ArgoCD를 통한 배포, System logging 구성 및 관리, Agile Scrum을 통한 제품 개발 참여 EKS 기반의 container orchestration 및 infra 구성, Microk8s 기반의 container orchestration 및 infra 구성, Kubernetes RBAC 설정 및 클라이언트 보안 구성, Terraform을 통한 IaC, Helm Chart, ArgoCD를 통한 배포, System logging 구성 및 관리, Agile Scrum을 통한 제품 개발 참여",https://www.wanted.co.kr/wd/214285
57,브이디크럭스,솔루션 QA 담당자(3-7년),"서울 금천구,경력 3-7년","QA 담당로서 다음의 미션을 수행하게 됩니다.,, 당사 솔루션인 포스, 테이블오더, 키오스크, 어드민 프로그램에 대한 전반적인 QA 수행, 기획, 디자인 문서 기반의 테스트 설계 및 수행, 결함 보고 및 추적을 통한 품질 개선 활동, 담당 업무 프로세스 개선QA 담당로서 다음의 미션을 수행하게 됩니다.,, 당사 솔루션인 포스, 테이블오더, 키오스크, 어드민 프로그램에 대한 전반적인 QA 수행, 기획, 디자인 문서 기반의 테스트 설계 및 수행, 결함 보고 및 추적을 통한 품질 개선 활동, 담당 업무 프로세스 개선",https://www.wanted.co.kr/wd/214255
58,강남언니(힐링페이퍼),서버 개발자 (전문연구요원),"서울 강남구,경력 2-15년","＜강남언니 팀 개발자는 이렇게 일해요＞,,배우고 경험하고 성장해요,,우리는 멈추지 않고 성장하고 싶습니다. 강남언니는 '더 좋은 의료 서비스를 누구나 누릴 수 있게'라는 목표를 이루기 위해 시장의 문제를 해결해 왔습니다. 이제 그동안보다 더 크고 복잡한 문제를 해결해 나가기 위해 강남언니는 개발자를 비롯한 제품개발 조직 구성원들의 지속적인 성장이 반드시 필요하다고 판단합니다. 그러기에 강남언니 개발자는 마주한 문제를 해결하는 것 만큼이나, 해결 과정의 경험과 새로운 지식의 학습을 통해 성장을 이루려고 노력합니다.,,협업해요,,강남언니의 그 누구도 혼자서 문제를 해결하지 않습니다. 강남언니는 높은 수준의 협업을 추구합니다. 우리는 극도의 협업을 통해서만 뛰어난 팀이 만들어지며 미용의료 산업의 크고 복잡한 문제를 해결할 수 있다고 믿습니다. 강남언니 개발자는 동료 개발자, 디자이너, Product Owner와 긴밀하게 협업하며 혼자서는 풀어내기 어려운 문제들을 풀어냅니다.,,,＜우리는 이런 도구를 사용해요＞,,강남언니 팀 서버 개발자는 다음의 도구를 주로 사용해요. 그 밖에도 주어진 문제에 따라 가장 적합한 여러가지 도구를 도입합니다.,,개발 언어: Java / Kotlin,프레임워크: Spring Boot / JPA / Hibernate,데이터베이스: MySQL / MongoDB / Elasticsearch,인프라: AWS / Kubernetes,,,＜앞으로 이런 일들을 하게 될 거예요＞,, 강남언니 backend 영역 설계, 개발, 운영 리딩, 강남언니 backend System/Tech Stack 정의 및 리딩, backend 조직(Chapter) Member Teaching and Mentoring＜강남언니 팀 개발자는 이렇게 일해요＞,,배우고 경험하고 성장해요,,우리는 멈추지 않고 성장하고 싶습니다. 강남언니는 '더 좋은 의료 서비스를 누구나 누릴 수 있게'라는 목표를 이루기 위해 시장의 문제를 해결해 왔습니다. 이제 그동안보다 더 크고 복잡한 문제를 해결해 나가기 위해 강남언니는 개발자를 비롯한 제품개발 조직 구성원들의 지속적인 성장이 반드시 필요하다고 판단합니다. 그러기에 강남언니 개발자는 마주한 문제를 해결하는 것 만큼이나, 해결 과정의 경험과 새로운 지식의 학습을 통해 성장을 이루려고 노력합니다.,,협업해요,,강남언니의 그 누구도 혼자서 문제를 해결하지 않습니다. 강남언니는 높은 수준의 협업을 추구합니다. 우리는 극도의 협업을 통해서만 뛰어난 팀이 만들어지며 미용의료 산업의 크고 복잡한 문제를 해결할 수 있다고 믿습니다. 강남언니 개발자는 동료 개발자, 디자이너, Product Owner와 긴밀하게 협업하며 혼자서는 풀어내기 어려운 문제들을 풀어냅니다.,,,＜우리는 이런 도구를 사용해요＞,,강남언니 팀 서버 개발자는 다음의 도구를 주로 사용해요. 그 밖에도 주어진 문제에 따라 가장 적합한 여러가지 도구를 도입합니다.,,개발 언어: Java / Kotlin,프레임워크: Spring Boot / JPA / Hibernate,데이터베이스: MySQL / MongoDB / Elasticsearch,인프라: AWS / Kubernetes,,,＜앞으로 이런 일들을 하게 될 거예요＞,, 강남언니 backend 영역 설계, 개발, 운영 리딩, 강남언니 backend System/Tech Stack 정의 및 리딩, backend 조직(Chapter) Member Teaching and Mentoring",https://www.wanted.co.kr/wd/207040
59,피어테크(지닥),[병역특례_보충역/전직] 인프라 엔지니어,"서울 강남구,경력 1-5년"," AWS 및 GCP를 이용해 서비스 인프라를 구축 및 운영, 블록체인  노드운영, 긴급 장애 대응, 배포 업무 자동화 (github, awscli, boto3, jenkins, ElasticBeanstalk 사용), 사내 인프라 관리, 각 업무에서 정보보안 관련 작업 수행 AWS 및 GCP를 이용해 서비스 인프라를 구축 및 운영, 블록체인  노드운영, 긴급 장애 대응, 배포 업무 자동화 (github, awscli, boto3, jenkins, ElasticBeanstalk 사용), 사내 인프라 관리, 각 업무에서 정보보안 관련 작업 수행",https://www.wanted.co.kr/wd/212279
60,먼치팩토리,프로덕트 매니저,"서울 강남구,경력 3-10년","제품 관리자로서, 아워플레이스 제품 전략의 핵심 이해 관계자가 될 것입니다. 시장 조사부터 제품 개발, 출시, 평가에 이르기까지 전체 제품 수명주기를 관리하는 역할을 맡게 됩니다. 이 포지션은 Dev, Design, CX팀과 협력하여 사용자 경험을 최적화하고 비즈니스 목표를 달성하는데 필수적입니다.,, 시장조사 및 경쟁분석을 통해 제품 기회를 식별하고 우선순위를 지정합니다., 제품 전략 및 로드맵을 개발하고 실행합니다., 사용자 요구 사항을 이해하고 기능 명세서 및 사용자 스토리를 작성합니다., 개발팀과 긴밀하게 협력하여 제품 개발 일정을 관리하고, 품질 기준을 유지하며, 제품 출시를 지원합니다., 제품 성능을 모니터링하고, 사용자 피드백을 수집하며, 지속적인 개선을 위한 권장 사항을 제시합니다., 내부 팀과의 효과적인 커뮤니케이션을 통해 제품 비전과 전략을 공유합니다. , 마케팅 및 영업팀과 협력하여 제품 출시 및 프로모션 전략을 개발합니다.,,채용 과정은 서류 전형, 1차 면접(직무), 2차 면접(대표), 연봉 협상 및 입사일 조정, 그리고 최종 합격으로 이루어집니다.제품 관리자로서, 아워플레이스 제품 전략의 핵심 이해 관계자가 될 것입니다. 시장 조사부터 제품 개발, 출시, 평가에 이르기까지 전체 제품 수명주기를 관리하는 역할을 맡게 됩니다. 이 포지션은 Dev, Design, CX팀과 협력하여 사용자 경험을 최적화하고 비즈니스 목표를 달성하는데 필수적입니다.,, 시장조사 및 경쟁분석을 통해 제품 기회를 식별하고 우선순위를 지정합니다., 제품 전략 및 로드맵을 개발하고 실행합니다., 사용자 요구 사항을 이해하고 기능 명세서 및 사용자 스토리를 작성합니다., 개발팀과 긴밀하게 협력하여 제품 개발 일정을 관리하고, 품질 기준을 유지하며, 제품 출시를 지원합니다., 제품 성능을 모니터링하고, 사용자 피드백을 수집하며, 지속적인 개선을 위한 권장 사항을 제시합니다., 내부 팀과의 효과적인 커뮤니케이션을 통해 제품 비전과 전략을 공유합니다. , 마케팅 및 영업팀과 협력하여 제품 출시 및 프로모션 전략을 개발합니다.,,채용 과정은 서류 전형, 1차 면접(직무), 2차 면접(대표), 연봉 협상 및 입사일 조정, 그리고 최종 합격으로 이루어집니다.",https://www.wanted.co.kr/wd/212973
61,제네시스랩,[200억↑투자] Applied AI Scientist_Backend,"서울 중구,경력 2-10년"," AI 데이터/모델 관리 플랫폼 백엔드 개발, 대용량 데이터 관리 시스템 백엔드 개발, 데이터 접근 인증 모듈 개발, 분석결과 모니터링 시스템 백엔드 개발, 데이터 라벨링 시스템 백엔드 개발,, AI 파이프라인 플랫폼 개발, 딥러닝 추론 플랫폼 관리 시스템 백엔드 개발, 데이터 전처리 시스템 관리 시스템 백엔드 개발, 모델 학습/검증 시스템 관리 시스템 백엔드 개발 AI 데이터/모델 관리 플랫폼 백엔드 개발, 대용량 데이터 관리 시스템 백엔드 개발, 데이터 접근 인증 모듈 개발, 분석결과 모니터링 시스템 백엔드 개발, 데이터 라벨링 시스템 백엔드 개발,, AI 파이프라인 플랫폼 개발, 딥러닝 추론 플랫폼 관리 시스템 백엔드 개발, 데이터 전처리 시스템 관리 시스템 백엔드 개발, 모델 학습/검증 시스템 관리 시스템 백엔드 개발",https://www.wanted.co.kr/wd/168646
62,패스트파이브,웹 프론트엔드 개발자,"서울 강남구,경력 5-9년", 파이브스팟 서비스와 내부 관리용 페이지 설계 및 개발 파이브스팟 서비스와 내부 관리용 페이지 설계 및 개발,https://www.wanted.co.kr/wd/203422
63,제이더블유홀딩스,IT기획(프로젝트) 담당자,"경기 과천시,경력 5-15년","주요업무,1. IT 프로젝트 기획 및 관리,2. SM 등 아웃소싱 업체 관리 ,3. IT 예산 관리 및 운영을 위한 제반업무 ,,채용절차,이력서접수 서류전형  실무면접 및 AI역량검사  최종면접  채용검진  입사주요업무,1. IT 프로젝트 기획 및 관리,2. SM 등 아웃소싱 업체 관리 ,3. IT 예산 관리 및 운영을 위한 제반업무 ,,채용절차,이력서접수 서류전형  실무면접 및 AI역량검사  최종면접  채용검진  입사",https://www.wanted.co.kr/wd/214333
64,멀티캠퍼스,시스템 개발 분석/설계자,"서울 강남구,경력 3-10년"," IT시스템 (교육플랫폼) 프로젝트 관리, 요구사항 분석/ 설계,,멀티캠퍼스 동료가 되는 방법,,지원서 접수  서류 전형  실무, 인성 면접 전형 (온라인 역량검사 예정)  레퍼런스 체크  건강검진  결과 발표 IT시스템 (교육플랫폼) 프로젝트 관리, 요구사항 분석/ 설계,,멀티캠퍼스 동료가 되는 방법,,지원서 접수  서류 전형  실무, 인성 면접 전형 (온라인 역량검사 예정)  레퍼런스 체크  건강검진  결과 발표",https://www.wanted.co.kr/wd/208365
65,크리스틴컴퍼니,프론트앤드 개발자 / 2년 이상 (부산),"부산 동구,경력 2-5년","자사의 주요 서비스인 신플 솔루션의 고도화, 단계적 신규 서비스 적용을 위한 시스템을 개발합니다.,,, React를 이용한 자사 플랫폼 반응형 웹 서비스 개발자사의 주요 서비스인 신플 솔루션의 고도화, 단계적 신규 서비스 적용을 위한 시스템을 개발합니다.,,, React를 이용한 자사 플랫폼 반응형 웹 서비스 개발",https://www.wanted.co.kr/wd/214999
66,브레인커머스,[잡플래닛] Tech Lead,"서울 강남구,경력 7-20년"," 트라이브/스쿼드의 전략과 중장기 로드맵을 도출하여 실행합니다. 비즈니스 요구를 분석하여 적합한 솔루션을 제안하고 결정합니다. , 트라이브/스쿼드 내에서 필요한 기술적인 의사결정을 수행하며, 회사에 필요한 최신 기술 및 프로세스를 검토 및 도입하여 효율성을 높입니다. 기술스택과 아키텍처를 선택하고 개발표준과 가이드라인을 수립합니다., 트라이브/스쿼드 내 엔지니어에게 기술적 피드백을 제공하고, 엔지니어들의 학습 및 성장을 지원합니다., 코드 리뷰를 통해 품질을 유지하고, 코딩 표준을 적용하여 코드베이스의 일관성을 유지합니다., 기술적인 측면에서 프로젝트 일정을 관리하고 진행 상황을 모니터링합니다. 우선순위에 따라 목표를 달성하기 위한 계획을 수립하고, 프로젝트 중 발생할 수 있는 리스크를 식별하고 관리합니다., 프로젝트 진행 중 발생하는 기술적 문제에 대한 신속하고 효과적인 해결책을 제공합니다., 트라이브/스쿼드 내에서 기술적인 정보를 전달하는 것 뿐만 아니라, 비프로덕트 이해관계자들에게도 기술적 측면을 명확하게 전달합니다. 프로젝트 진행상황이나 이슈에 대해 보고하며 의사결정을 주도합니다. 트라이브/스쿼드의 전략과 중장기 로드맵을 도출하여 실행합니다. 비즈니스 요구를 분석하여 적합한 솔루션을 제안하고 결정합니다. , 트라이브/스쿼드 내에서 필요한 기술적인 의사결정을 수행하며, 회사에 필요한 최신 기술 및 프로세스를 검토 및 도입하여 효율성을 높입니다. 기술스택과 아키텍처를 선택하고 개발표준과 가이드라인을 수립합니다., 트라이브/스쿼드 내 엔지니어에게 기술적 피드백을 제공하고, 엔지니어들의 학습 및 성장을 지원합니다., 코드 리뷰를 통해 품질을 유지하고, 코딩 표준을 적용하여 코드베이스의 일관성을 유지합니다., 기술적인 측면에서 프로젝트 일정을 관리하고 진행 상황을 모니터링합니다. 우선순위에 따라 목표를 달성하기 위한 계획을 수립하고, 프로젝트 중 발생할 수 있는 리스크를 식별하고 관리합니다., 프로젝트 진행 중 발생하는 기술적 문제에 대한 신속하고 효과적인 해결책을 제공합니다., 트라이브/스쿼드 내에서 기술적인 정보를 전달하는 것 뿐만 아니라, 비프로덕트 이해관계자들에게도 기술적 측면을 명확하게 전달합니다. 프로젝트 진행상황이나 이슈에 대해 보고하며 의사결정을 주도합니다.",https://www.wanted.co.kr/wd/202592
67,알서포트(Rsupport),프론트엔드 개발자 (5년 이상),"서울 송파구,경력 5-15년","※24년 5월 경 강동구 고덕동 고덕비즈밸리 신사옥 입주예정, WebRTC 기반 프론트엔드 Application 개발 및 유지보수,#경력 기간 이하의 경우 바로 서류 탈락처리 함.※24년 5월 경 강동구 고덕동 고덕비즈밸리 신사옥 입주예정, WebRTC 기반 프론트엔드 Application 개발 및 유지보수,#경력 기간 이하의 경우 바로 서류 탈락처리 함.",https://www.wanted.co.kr/wd/197139
68,모빌린트,[200억↑투자] Deep Learning Optimization Engineer,"서울 강남구,신입-경력 20년"," Quantization, Pruning 등 딥러닝 모델 경량화 연구 및 적용, HW 최적화를 고려한 딥러닝 모델 아키텍쳐 설계 및 학습, 딥러닝 최신 연구 동향 분석 Quantization, Pruning 등 딥러닝 모델 경량화 연구 및 적용, HW 최적화를 고려한 딥러닝 모델 아키텍쳐 설계 및 학습, 딥러닝 최신 연구 동향 분석",https://www.wanted.co.kr/wd/147525
69,제이더블유홀딩스,IT기획(전략) 담당자,"경기 과천시,경력 7-15년","1. 업무 프로세스 개선을 위한 전략과제 발굴, 로드맵 수립,2. 신기술 도입 검토 및 타당성 분석,3. 대내외 커뮤니케이션 및 CLevel 보고 자료 작성1. 업무 프로세스 개선을 위한 전략과제 발굴, 로드맵 수립,2. 신기술 도입 검토 및 타당성 분석,3. 대내외 커뮤니케이션 및 CLevel 보고 자료 작성",https://www.wanted.co.kr/wd/214337
70,삼가,Frontend Developer,"서울 마포구,경력 4-8년","■ 삼가는 이렇게 일해요, 부서별로 목표를 가지고 여러 포지션의 동료들이 협업하는 목적조직 형태로 일합니다., 프로덕트에 대한 전문성과 애정을 가지고 주도적으로 일하고 있어요., 2~6주 단위의 스프린트 주기로 일하며, 프로덕트의 속도와 품질 사이 협의점을 고민하여 최선의 결과를 도출합니다., 전사 OKR을 달성하기 위해 동료들과 Why, What, How에 대한 싱크를 맞춤과 동시에, 본인의 업무에는 오너십을 가지고 몰두할 수 있어요.,,■ 삼가 개발자는 이런 일해요,삼가는 실버 산업의 전세계 리더를 꿈꾸고 있어요. 서비스를 이용하는 데이터를 기반으로 가장 좋은 서비스와 상품을 제공하기 위해 끊임없이 연구합니다., 기획자와 협업하여 플랫폼 설계, 구축, 운영, 확장성, 테스트 자동화가 가능하도록 아키텍쳐 설계 및 개선, React, React native 기반 웹, 앱 개발, RESTful 기반 API 연동, 자사 웹 기반 솔루션 개발 및 안정화, 기존 컴퍼넌트, UI 규칙을 개선하며, 성능을 최적화합니다.■ 삼가는 이렇게 일해요, 부서별로 목표를 가지고 여러 포지션의 동료들이 협업하는 목적조직 형태로 일합니다., 프로덕트에 대한 전문성과 애정을 가지고 주도적으로 일하고 있어요., 2~6주 단위의 스프린트 주기로 일하며, 프로덕트의 속도와 품질 사이 협의점을 고민하여 최선의 결과를 도출합니다., 전사 OKR을 달성하기 위해 동료들과 Why, What, How에 대한 싱크를 맞춤과 동시에, 본인의 업무에는 오너십을 가지고 몰두할 수 있어요.,,■ 삼가 개발자는 이런 일해요,삼가는 실버 산업의 전세계 리더를 꿈꾸고 있어요. 서비스를 이용하는 데이터를 기반으로 가장 좋은 서비스와 상품을 제공하기 위해 끊임없이 연구합니다., 기획자와 협업하여 플랫폼 설계, 구축, 운영, 확장성, 테스트 자동화가 가능하도록 아키텍쳐 설계 및 개선, React, React native 기반 웹, 앱 개발, RESTful 기반 API 연동, 자사 웹 기반 솔루션 개발 및 안정화, 기존 컴퍼넌트, UI 규칙을 개선하며, 성능을 최적화합니다.",https://www.wanted.co.kr/wd/209336
71,윌로그,프론트엔드 개발 시니어 (5년 이상 10년 이하),"서울 강남구,경력 5-10년"," 물류 산업 내 업무들의 디지털 전환을 돕는 SaaS 플랫폼을 개발합니다., 많은 데이터를 안정적이고 효율적으로 처리하기 위한 아키텍처 설계에 참여합니다., 현재 운영되고 있는 윌로그 SaaS 플랫폼의 확장성, 안정성을 위한 방안을 고민하고 실행합니다., 윌로그 고객들이 더욱 향상된 물류 관리 서비스를 이용할 수 있도록 문제를 함께 해결하고, 견고한 SaaS 플랫폼 서비스를 개발합니다. , Typescript를 사용하여 고품질의 FE 개발합니다., 팀원들과 협력하여 애플리케이션을 개발(애플리케이션의 테스트 및 디버깅 등)하고 애플리케이션의 출시와 유지/관리합니다. 물류 산업 내 업무들의 디지털 전환을 돕는 SaaS 플랫폼을 개발합니다., 많은 데이터를 안정적이고 효율적으로 처리하기 위한 아키텍처 설계에 참여합니다., 현재 운영되고 있는 윌로그 SaaS 플랫폼의 확장성, 안정성을 위한 방안을 고민하고 실행합니다., 윌로그 고객들이 더욱 향상된 물류 관리 서비스를 이용할 수 있도록 문제를 함께 해결하고, 견고한 SaaS 플랫폼 서비스를 개발합니다. , Typescript를 사용하여 고품질의 FE 개발합니다., 팀원들과 협력하여 애플리케이션을 개발(애플리케이션의 테스트 및 디버깅 등)하고 애플리케이션의 출시와 유지/관리합니다.",https://www.wanted.co.kr/wd/208056
72,오픈갤러리,Django 풀 스택 개발자 (보충역 편입/전직),"서울 성동구,경력 1-5년"," Django 프레임워크를 이용한 홈페이지 및 백오피스 시스템 풀 스택 개발, 작가 및 고객을 위한 홈페이지 유지보수 및 신규 기능 개발, 사내 직원을 위한 백오피스 시스템 효율화 및 자동화, 미술품 투자 모델 아트테크 시스템 구축 및 유지보수, Bitbucket, Jira, Confluence를 활용한 Agile 협업,,※ 업무 관련 기술 스택, 프론트 엔드와 백 엔드의 구분이 없음 (모두 Django로 개발), 개발 : Django, HTML, CSS, JavaScript(jQuery), PostgreSQL, 운영 : AWS ECS(Docker), Bitbucket, Circle CI,,※ 진행 절차, 서류 전형 ＞ 과제 전형 ＞ 기술 면접 ＞ 임원 면접 Django 프레임워크를 이용한 홈페이지 및 백오피스 시스템 풀 스택 개발, 작가 및 고객을 위한 홈페이지 유지보수 및 신규 기능 개발, 사내 직원을 위한 백오피스 시스템 효율화 및 자동화, 미술품 투자 모델 아트테크 시스템 구축 및 유지보수, Bitbucket, Jira, Confluence를 활용한 Agile 협업,,※ 업무 관련 기술 스택, 프론트 엔드와 백 엔드의 구분이 없음 (모두 Django로 개발), 개발 : Django, HTML, CSS, JavaScript(jQuery), PostgreSQL, 운영 : AWS ECS(Docker), Bitbucket, Circle CI,,※ 진행 절차, 서류 전형 ＞ 과제 전형 ＞ 기술 면접 ＞ 임원 면접",https://www.wanted.co.kr/wd/214149
73,씨제이대한통운(CJ대한통운),로봇 IT 시스템 개발,"서울 종로구,경력 5-10년","직무소개,1. 신규 스마트 물류센터 구축, 로봇 및 자동화 설비와 연계한 물류 운영 시스템 개발,,2. Software 개발 및 웹 기반 시스템 설계, WMS, Picking, 로봇운영시스템, 미들웨어 등 물류관련 Software 개발직무소개,1. 신규 스마트 물류센터 구축, 로봇 및 자동화 설비와 연계한 물류 운영 시스템 개발,,2. Software 개발 및 웹 기반 시스템 설계, WMS, Picking, 로봇운영시스템, 미들웨어 등 물류관련 Software 개발",https://www.wanted.co.kr/wd/214947
74,비주얼신,웹 프론트엔드 개발자(10년 내외),"서울 강남구,경력 9-12년"," 플랫폼 웹프론트엔드 신규 개발 및 유지 보수, AI 솔루션 신규 UI 설계 및 개발, Vue.js/React 경험자 플랫폼 웹프론트엔드 신규 개발 및 유지 보수, AI 솔루션 신규 UI 설계 및 개발, Vue.js/React 경험자",https://www.wanted.co.kr/wd/207086
75,패스트파이브,Python 백엔드 개발자,"서울 강남구,경력 5-9년"," 파이브스팟 서비스를 위한 백엔드 운영 및 개발, 내부 데이터 효율화 및 타부서 데이터 제공 파이브스팟 서비스를 위한 백엔드 운영 및 개발, 내부 데이터 효율화 및 타부서 데이터 제공",https://www.wanted.co.kr/wd/203425
76,핌아시아,프론트엔드 개발자(4년 이상),"서울 강남구,경력 4-10년","1. 떠리몰 웹/앱 서비스 Front End 개발 및 유지관리,2. 관리자 페이지 Front End 서비스 개발 및 유지관리1. 떠리몰 웹/앱 서비스 Front End 개발 및 유지관리,2. 관리자 페이지 Front End 서비스 개발 및 유지관리",https://www.wanted.co.kr/wd/200689
77,엑스페릭스,바이오인식 / OCR 알고리즘 개발,"서울 송파구,경력 2-7년"," 바이오 인식 알고리즘 연구 및 개발, 영상 특징 추출을 위한 데이터 분석, 알고리즘의 성능을 개선하는 최적화 업무 바이오 인식 알고리즘 연구 및 개발, 영상 특징 추출을 위한 데이터 분석, 알고리즘의 성능을 개선하는 최적화 업무",https://www.wanted.co.kr/wd/207971
78,미니레코드,인공지능 음성 합성(TTS) 전문가,"서울 송파구,경력 1-5년"," 인공지능 TTS 모델 및 알고리즘 개발 (영어, 한국어 등), 언어지능 분야 연구 (자연어 처리, LLM 프롬프트 등), TTS 음성지능 분야 연구 (상용화된 음성인식, 발음평가, 청킹 등의 모델 고도화), 학습 데이터 생성, 모델 개발, 파인튜닝 등, API 개발, 도커, 데브옵스 등 백엔드 협업, 최신 공개 발표된 모델, 논문 분석 인공지능 TTS 모델 및 알고리즘 개발 (영어, 한국어 등), 언어지능 분야 연구 (자연어 처리, LLM 프롬프트 등), TTS 음성지능 분야 연구 (상용화된 음성인식, 발음평가, 청킹 등의 모델 고도화), 학습 데이터 생성, 모델 개발, 파인튜닝 등, API 개발, 도커, 데브옵스 등 백엔드 협업, 최신 공개 발표된 모델, 논문 분석",https://www.wanted.co.kr/wd/214287
79,에이아이에이생명(AIA생명),Cloud Architect,"서울 중구,경력 10-20년"," 클라우드 전환을 위한 세부 전략을 수립하고, 전환 프로젝트를 추진, 비즈니스 및 IT 요구 사항을 고려한, 최적의 클라우드 아키텍처 설계 및 구축, 최신의 클라우드 서비스 및 기술 트렌드를 파악하고, 세부 조사 및 평가, 업무 적용(도입) 여부 검토, 클라우드 기반 시스템의 운영, 모니터링 및 성능 튜닝 지원,,,근무조건,, 고용형태: 정규직, 급여 및 복지조건 : 회사 내규에 따름, 근무지역 : 서울 중구 통일로2길 16, AIA타워,,,전형절차,, 서류전형 ＞ 면접전형 ＞ 스크리닝/채용검진 ＞ 최종합격, 전형일정 및 각 전형별 결과 발표는 이메일을 통하여 면접 대상자에게 개별 안내 드립니다.,* 채용 전형에 레퍼런스 체크, 인성/역량 검사 등이 추가될 수 있습니다. 클라우드 전환을 위한 세부 전략을 수립하고, 전환 프로젝트를 추진, 비즈니스 및 IT 요구 사항을 고려한, 최적의 클라우드 아키텍처 설계 및 구축, 최신의 클라우드 서비스 및 기술 트렌드를 파악하고, 세부 조사 및 평가, 업무 적용(도입) 여부 검토, 클라우드 기반 시스템의 운영, 모니터링 및 성능 튜닝 지원,,,근무조건,, 고용형태: 정규직, 급여 및 복지조건 : 회사 내규에 따름, 근무지역 : 서울 중구 통일로2길 16, AIA타워,,,전형절차,, 서류전형 ＞ 면접전형 ＞ 스크리닝/채용검진 ＞ 최종합격, 전형일정 및 각 전형별 결과 발표는 이메일을 통하여 면접 대상자에게 개별 안내 드립니다.,* 채용 전형에 레퍼런스 체크, 인성/역량 검사 등이 추가될 수 있습니다.",https://www.wanted.co.kr/wd/213703
80,지엔터프라이즈,Sr. Front-end Engineer,"서울 강남구,경력 4-10년"," Next.js 기반의 웹 애플리케이션을 개발하여 비즈니스 목표를 달성합니다., 스타트업, 은행, 카드사 등의 서비스 연동에 필요한 클라이언트 기능을 개발합니다., 사용자 이벤트를 사내 데이터 플랫폼에 전달하여 데이터 기반의 UX 분석이 가능하게 합니다. Next.js 기반의 웹 애플리케이션을 개발하여 비즈니스 목표를 달성합니다., 스타트업, 은행, 카드사 등의 서비스 연동에 필요한 클라이언트 기능을 개발합니다., 사용자 이벤트를 사내 데이터 플랫폼에 전달하여 데이터 기반의 UX 분석이 가능하게 합니다.",https://www.wanted.co.kr/wd/106512
81,블리몽키즈,Python Django 기반 서버 개발,"서울 마포구,경력 3-6년","서버 개발 채용 공고입니다. 자사몰 서비스, 및 백오피스 서비스의 개발, 유지 보수 및 개선 등의 업무를 수행하며 향후 동료들을 리딩하여 팀을 이끄는 포지션으로의 성장을 하여야 합니다. 안정적인 서비스 운영 및 확장이 주요 업무입니다.서버 개발 채용 공고입니다. 자사몰 서비스, 및 백오피스 서비스의 개발, 유지 보수 및 개선 등의 업무를 수행하며 향후 동료들을 리딩하여 팀을 이끄는 포지션으로의 성장을 하여야 합니다. 안정적인 서비스 운영 및 확장이 주요 업무입니다.",https://www.wanted.co.kr/wd/184372
82,이파피루스,솔루션 엔지니어(부서장급),"경기 성남시,경력 15-20년","1. 팀 리드 및 관리,   목표 설정, 스케줄링, 자원 (인력) 배정 ,,2. 커뮤니케이션,   영업팀, R&D팀, 고객, 파트너 등과 소통하여 업무 배분, 일정 조정, 인력 배정 등을 수행,,3. 문제 해결,   팀원들이 처한 다양한 기술적&비기술적 문제에 대해 해결책 또는 가이드 제시,,4. 고객과의 관계 수립 및 유지,   고객과의 커뮤니케이션을 통해 고객의 요구와 기대를 이해하고, ,    우리 제품이 고객이 원하는 바를 충족할 수 있도록 도움,   기술적 문제, 스케줄 이슈 등이 발생하였을 때 고객과 소통하여 문제 해결,,5. 기술 교육,   제품 설치, 설정, 연계, 교육 및 지원 등과 관련된 가장 효과적인 방법과 사례를 찾아내고, 팀 전체가 활용할 수 있도록 하여 업무 효율을 지속적으로 개선,   새로운 기술 트렌드 등을 팀원들에게 교육하여 직무 만족도 및 업무 효율을 향상시키고, R&D에 제품의 기능 / 성능을 개선할 수 있는 피드백을 제공할 수 있는 능력 함양,   새로운 팀원 및 파트너 교육을 위한 업무 매뉴얼 작성 및 지속적인 업데이트,,6. 예산 및 자원 관리,   고객에게 최선의 서비스를 제공하기 위한 자원과 툴 확보 및 비용 관리,,7. 성과 지표 관리 및 분석,   고객 만족, 타임라인, 예산 등과 같은 지표를 모니터링, 분석하여 팀의 서비스와 프로세스를 지속적으로 개선,,8. 인사 관리,   이력서 검토 및 면접을 통해 팀에 적합한 인재를 선발하고 팀내 인력 유지,   신입직원들이 2주 내에 업무에 투입될 수 있도록 업무 매뉴얼과 온보딩 프로그램 마련,   솔루션팀 업무의 중요성과 가치 내재화,   팀의 모범, 성공 사례 등을 공유하여 팀원의 성취감 강화1. 팀 리드 및 관리,   목표 설정, 스케줄링, 자원 (인력) 배정 ,,2. 커뮤니케이션,   영업팀, R&D팀, 고객, 파트너 등과 소통하여 업무 배분, 일정 조정, 인력 배정 등을 수행,,3. 문제 해결,   팀원들이 처한 다양한 기술적&비기술적 문제에 대해 해결책 또는 가이드 제시,,4. 고객과의 관계 수립 및 유지,   고객과의 커뮤니케이션을 통해 고객의 요구와 기대를 이해하고, ,    우리 제품이 고객이 원하는 바를 충족할 수 있도록 도움,   기술적 문제, 스케줄 이슈 등이 발생하였을 때 고객과 소통하여 문제 해결,,5. 기술 교육,   제품 설치, 설정, 연계, 교육 및 지원 등과 관련된 가장 효과적인 방법과 사례를 찾아내고, 팀 전체가 활용할 수 있도록 하여 업무 효율을 지속적으로 개선,   새로운 기술 트렌드 등을 팀원들에게 교육하여 직무 만족도 및 업무 효율을 향상시키고, R&D에 제품의 기능 / 성능을 개선할 수 있는 피드백을 제공할 수 있는 능력 함양,   새로운 팀원 및 파트너 교육을 위한 업무 매뉴얼 작성 및 지속적인 업데이트,,6. 예산 및 자원 관리,   고객에게 최선의 서비스를 제공하기 위한 자원과 툴 확보 및 비용 관리,,7. 성과 지표 관리 및 분석,   고객 만족, 타임라인, 예산 등과 같은 지표를 모니터링, 분석하여 팀의 서비스와 프로세스를 지속적으로 개선,,8. 인사 관리,   이력서 검토 및 면접을 통해 팀에 적합한 인재를 선발하고 팀내 인력 유지,   신입직원들이 2주 내에 업무에 투입될 수 있도록 업무 매뉴얼과 온보딩 프로그램 마련,   솔루션팀 업무의 중요성과 가치 내재화,   팀의 모범, 성공 사례 등을 공유하여 팀원의 성취감 강화",https://www.wanted.co.kr/wd/209619
83,문토,Node.js 개발자,"서울 강남구,경력 3-10년"," 문토 웹사이트 백엔드 개발하고 운영 관리를 해요, 서버를 관리해요, AWS, EC2, ECS, S3, Lambda 등의 인프라를 관리해요, 신규 기능을 개발하고 유지 보수해요,,문토 기술 스택 , 프론트엔드: HTML5, SCSS, jQuery, Parcel, 백엔드: Node.js, NestJS, Prisma, DB: Postgresql, Redis, 인프라: AWS EC2, ECS, S3, CloudFront, RDS, Lambda, 코드 관리: GitHub 문토 웹사이트 백엔드 개발하고 운영 관리를 해요, 서버를 관리해요, AWS, EC2, ECS, S3, Lambda 등의 인프라를 관리해요, 신규 기능을 개발하고 유지 보수해요,,문토 기술 스택 , 프론트엔드: HTML5, SCSS, jQuery, Parcel, 백엔드: Node.js, NestJS, Prisma, DB: Postgresql, Redis, 인프라: AWS EC2, ECS, S3, CloudFront, RDS, Lambda, 코드 관리: GitHub",https://www.wanted.co.kr/wd/163959
